none,none,none,none,none,none,none,none,none,none,none,none,none,none,none,none,none,none,none,none
none,none,none,none,none,none,none,none,none,none,none,none,none,none,none,none,none,none,none,none
none,none,none,none,none,none,none,none,none,none,none,none,none,none,none,none,none,none,none,none
none,none,none,none,none,none,none,none,none,none,none,none,none,none,none,none,none,none,none,none
none,none,none,none,none,none,none,none,none,none,none,none,none,none,none,none,none,none,none,none
none,none,none,none,none,none,none,none,none,none,none,none,none,none,none,none,none,none,none,none
none,none,none,none,none,none,none,none,none,none,none,none,none,none,none,none,none,none,none,none
none,none,none,none,none,none,none,none,none,none,none,none,none,none,none,none,none,none,none,none
none,none,none,none,none,none,none,none,none,none,none,none,none,none,none,none,none,none,none,none
none,none,none,none,none,none,none,none,none,none,none,none,none,none,none,none,none,none,none,none
none,none,none,none,none,none,none,none,none,none,none,none,none,none,none,none,none,none,none,none
none,none,none,none,none,none,none,none,none,none,none,none,none,none,none,none,none,none,none,none
none,none,none,none,none,none,none,none,none,none,none,none,none,none,none,none,none,none,none,none
none,none,none,none,none,none,none,none,none,none,none,none,none,none,none,none,none,none,none,none
none,none,none,none,none,none,none,none,none,none,none,none,none,none,none,none,none,none,none,none
none,none,none,none,none,none,none,none,none,none,none,none,none,none,none,none,none,none,none,none
none,none,none,none,none,none,none,none,none,none,none,none,none,none,none,none,none,none,none,none
none,none,none,none,none,none,none,none,none,none,none,none,none,none,none,none,none,none,none,none
none,none,none,none,none,none,none,none,none,none,none,none,none,none,Fort,none,none,none,none,none
none,none,none,none,none,none,none,none,none,none,none,none,none,none,none,none,none,none,none,none
